,precision,recall,f1-score,support
Low Risk,0.8962765957446809,0.9601139601139601,0.9270976616231086,351.0
Medium Risk,0.8480662983425414,0.8623595505617978,0.8551532033426185,356.0
High Risk,0.9587020648967551,0.8783783783783784,0.9167842031029619,370.0
accuracy,0.8997214484679665,0.8997214484679665,0.8997214484679665,0.8997214484679665
macro avg,0.9010149863279925,0.9002839630180454,0.8996783560228963,1077.0
weighted avg,0.901786862885912,0.8997214484679665,0.8997734213257003,1077.0
